{ "pools": [ { "rolls": { "min": 2, "max": 3 }, "entries": [ { "type": "item", "weight": 1, "name": "minecraft:diamond_sword", "quality": 1, "conditions": [ { "condition": "random_chance_with_looting", "chance": 0.1, "looting_multiplier": 0.1 } ], "functions": [ { "function": "set_nbt", "tag": "{Enchantments:[{id:\"minecraft:knockback\",lvl:2},{id:\"minecraft:sharpness\",lvl:6}]}" } ] }, { "type": "item", "weight": 1, "name": "minecraft:bow", "quality": 1, "conditions": [ { "condition": "random_chance_with_looting", "chance": 0.1, "looting_multiplier": 0.1 } ], "functions": [ { "function": "set_nbt", "tag": "{HideFlags:1,Enchantments:[{id:\"minecraft:vanishing_curse\",lvl:1},{id:\"minecraft:punch\",lvl:4}],Damage:300,display:{Name:\"{\\\"text\\\":\\\"YEET\\\"}\",Lore:[\"Could have enchantments..\"]},repairCost:\"99999\"}" } ] }, { "type": "item", "weight": 1, "name": "minecraft:iron_sword", "quality": 1, "conditions": [ { "condition": "random_chance_with_looting", "chance": 0.1, "looting_multiplier": 0.1 } ], "functions": [ { "function": "set_nbt", "tag": "{display:{Name:\"{\\\"text\\\":\\\"Loot Boi\\\"}\"},HideFlags:1,Enchantments:[{id:\"minecraft:looting\",lvl:4},{id:\"minecraft:sweeping\",lvl:1}]}" } ] }, { "type": "item", "weight": 1, "name": "minecraft:enchanted_golden_apple", "quality": 1, "conditions": [ { "condition": "random_chance_with_looting", "chance": 0.2, "looting_multiplier": 0.2 } ] }, { "type": "item", "weight": 1, "name": "minecraft:golden_apple", "quality": 1, "functions": [ { "function": "set_count", "count": { "min": 1, "max": 3 } } ] }, { "type": "item", "weight": 1, "name": "minecraft:oxeye_daisy", "quality": 1 }, { "type": "item", "weight": 1, "name": "minecraft:iron_ingot", "quality": 1, "conditions": [ { "condition": "random_chance_with_looting", "chance": 0.1, "looting_multiplier": 0.1 } ], "functions": [ { "function": "set_nbt", "tag": "{AttributeModifiers:[{AttributeName:\"generic.knockbackResistance\",Name:\"generic.knockbackResistance\",Slot:\"offhand\",Amount:100,Operation:0,UUIDMost:23208,UUIDLeast:176161}],display:{Name:\"{\\\"text\\\":\\\"Lead Weight\\\"}\"}}" } ] }, { "type": "item", "weight": 1, "name": "minecraft:poisonous_potato", "quality": 1, "conditions": [ { "condition": "random_chance_with_looting", "chance": 0.1, "looting_multiplier": 0.1 } ], "functions": [ { "function": "set_nbt", "tag": "{display:{Name:\"{\\\"text\\\":\\\"Magic Poisonous Potato\\\"}\"},AttributeModifiers:[{AttributeName:\"generic.maxHealth\",Name:\"generic.maxHealth\",Amount:2,Operation:0,UUIDMost:35060,UUIDLeast:147350}]}" } ] }, { "type": "item", "weight": 1, "name": "minecraft:iron_chestplate", "quality": 1, "conditions": [ { "condition": "random_chance_with_looting", "chance": 0.1, "looting_multiplier": 0.1 } ], "functions": [ { "function": "set_nbt", "tag": "{Unbreakable:1,display:{Name:\"{\\\"text\\\":\\\"Very Heavy\\\"}\"},HideFlags:3,Damage:515,AttributeModifiers:[{AttributeName:\"generic.movementSpeed\",Name:\"generic.movementSpeed\",Amount:-0.5,Operation:1,UUIDMost:22272,UUIDLeast:157326},{AttributeName:\"generic.knockbackResistance\",Name:\"generic.knockbackResistance\",Amount:100,Operation:0,UUIDMost:26381,UUIDLeast:100495}],Enchantments:[{id:\"minecraft:protection\",lvl:7}]}" } ] }, { "type": "item", "weight": 1, "name": "minecraft:iron_block", "quality": 1, "conditions": [ { "condition": "random_chance_with_looting", "chance": 0.1, "looting_multiplier": 0.1 } ], "functions": [ { "function": "set_count", "count": { "min": 1, "max": 6 } } ] }, { "type": "item", "weight": 1, "name": "minecraft:tipped_arrow", "quality": 1, "conditions": [ { "condition": "random_chance_with_looting", "chance": 0.1, "looting_multiplier": 0.1 } ], "functions": [ { "function": "set_nbt", "tag": "{Potion:\"minecraft:water\",CustomPotionEffects:[{Id:2,Duration:600},{Id:9,Duration:600},{Id:18,Duration:600}],display:{Name:\"\\\"Aim well\\\"\"}}" } ] }, { "type": "item", "weight": 1, "name": "minecraft:potion", "quality": 1, "conditions": [ { "condition": "random_chance_with_looting", "chance": 0.1, "looting_multiplier": 0.1 } ], "functions": [ { "function": "set_nbt", "tag": "{Potion:\"minecraft:water\",CustomPotionEffects:[{Id:1,Amplifier:3,Duration:1200},{Id:3,Duration:1200},{Id:9,Duration:1200},{Id:18,Amplifier:5,Duration:1200}],display:{Name:\"\\\"Escape\\\"\"}}" } ] }, { "type": "item", "weight": 1, "name": "minecraft:bow", "conditions": [ { "condition": "random_chance_with_looting", "chance": 0.1, "looting_multiplier": 0.1 } ], "functions": [ { "function": "enchant_with_levels", "levels": { "min": 28, "max": 30 }, "treasure": true }, { "function": "set_damage", "damage": { "min": 0, "max": 0.3 } } ] }, { "type": "item", "weight": 1, "name": "minecraft:iron_sword", "conditions": [ { "condition": "random_chance_with_looting", "chance": 0.1, "looting_multiplier": 0.1 } ], "functions": [ { "function": "enchant_with_levels", "levels": { "min": 20, "max": 30 }, "treasure": true } ] }, { "type": "item", "weight": 1, "name": "minecraft:diamond_chestplate", "conditions": [ { "condition": "random_chance_with_looting", "chance": 0.1, "looting_multiplier": 0.1 } ], "functions": [ { "function": "set_damage", "damage": { "min": 0.7, "max": 0.99 } }, { "function": "enchant_with_levels", "levels": { "min": 20, "max": 30 }, "treasure": true } ] }, { "type": "item", "weight": 1, "name": "minecraft:ender_pearl", "conditions": [ { "condition": "random_chance_with_looting", "chance": 0.1, "looting_multiplier": 0.1 } ], "functions": [ { "function": "set_count", "count": { "min": 2, "max": 16 } } ] }, { "type": "item", "weight": 1, "name": "minecraft:lava_bucket", "conditions": [ { "condition": "random_chance_with_looting", "chance": 0.1, "looting_multiplier": 0.1 } ] }, { "type": "item", "weight": 1, "name": "minecraft:cobblestone", "conditions": [ { "condition": "random_chance_with_looting", "chance": 0.1, "looting_multiplier": 0.1 } ], "functions": [ { "function": "set_count", "count": 64 } ] }, { "type": "item", "weight": 1, "name": "minecraft:shield", "conditions": [ { "condition": "random_chance_with_looting", "chance": 0.1, "looting_multiplier": 0.1 } ] } ] } ] }
