{"pools":[{"rolls":1,"entries":[{"type":"item","weight":1,"name":"minecraft:iron_boots","quality":1,"functions":[{"function":"set_nbt","tag":"{display:{Name:\"{\\\"text\\\":\\\"Curse of Binding...and omega frost walker\\\"}\"},AttributeModifiers:[{AttributeName:\"generic.maxHealth\",Name:\"generic.maxHealth\",Amount:2,Operation:0,UUIDMost:35060,UUIDLeast:147350}],HideFlags:1,Enchantments:[{id:\"minecraft:frost_walker\",lvl:10},{id:\"minecraft:feather_falling\",lvl:4},{id:\"minecraft:protection\",lvl:3},{id:\"minecraft:binding_curse\",lvl:1}]}"}]},{"type":"item","weight":1,"name":"minecraft:slime_block","quality":1,"functions":[{"function":"set_count","count":{"min":1,"max":2}}]},{"type":"item","weight":1,"name":"minecraft:diamond","quality":1,"functions":[{"function":"set_count","count":{"min":1,"max":3}}]},{"type":"item","weight":1,"name":"minecraft:diamond_hoe","quality":1,"functions":[{"function":"set_nbt","tag":"{Damage:1561}"}]},{"type":"item","weight":1,"name":"minecraft:glass","quality":1,"functions":[{"function":"set_count","count":{"min":16,"max":64}}]},{"type":"item","weight":1,"name":"minecraft:golden_shovel","quality":1,"functions":[{"function":"set_nbt","tag":"{Unbreakable:1}"}]},{"type":"item","weight":1,"name":"minecraft:oak_wood","quality":1,"functions":[{"function":"set_count","count":{"min":8,"max":32}}]},{"type":"item","weight":1,"name":"minecraft:stick","quality":1,"functions":[{"function":"set_nbt","tag":"{Unbreakable:1,display:{Name:\"{\\\"text\\\":\\\"Knockback Stick\\\"}\"},Enchantments:[{id:\"minecraft:knockback\",lvl:4}],HideFlags:1}"}]},{"type":"item","weight":1,"name":"minecraft:tipped_arrow","functions":[{"function":"set_nbt","tag":"{Potion:\"minecraft:water\",CustomPotionEffects:[{Id:24,Duration:20},{Id:25,Amplifier:15,Duration:20},{Id:11,Amplifier:5,Duration:60}],display:{Name:\"\\\"Yeet\\\"\"}}"}]},{"type":"item","weight":1,"name":"minecraft:bow","functions":[{"function":"enchant_with_levels","levels":{"min":1,"max":30},"treasure":true},{"function":"set_damage","damage":{"min":0,"max":1}}]},{"type":"item","weight":1,"name":"minecraft:obsidian","functions":[{"function":"set_count","count":{"min":1,"max":12}}]},{"type":"item","weight":1,"name":"minecraft:gold_ingot","functions":[{"function":"set_count","count":{"min":1,"max":7}}]},{"type":"item","weight":1,"name":"minecraft:diamond_pickaxe"},{"type":"item","weight":1,"name":"minecraft:turtle_helmet"},{"type":"item","weight":1,"name":"minecraft:iron_leggings"},{"type":"item","weight":1,"name":"minecraft:chainmail_chestplate"},{"type":"item","weight":1,"name":"minecraft:golden_chestplate"},{"type":"item","weight":1,"name":"minecraft:diamond_helmet"},{"type":"item","weight":1,"name":"minecraft:leather_boots"},{"type":"item","weight":1,"name":"minecraft:leather_chestplate"},{"type":"item","weight":1,"name":"minecraft:arrow","functions":[{"function":"set_count","count":{"min":1,"max":15}}]},{"type":"item","weight":1,"name":"minecraft:shield"},{"type":"item","weight":1,"name":"minecraft:trident"},{"type":"item","weight":1,"name":"minecraft:golden_carrot"},{"type":"item","weight":1,"name":"minecraft:cobweb","functions":[{"function":"set_count","count":{"min":10,"max":64}}]},{"type":"item","weight":1,"name":"minecraft:flint_and_steel"}]}]}
